Year,Tm,Lg,W,L,Finish,Playoffs,Attendance,Attend/G,Rank,Est. Payroll,PPF,BPF,Stadium,Revenue,Operating Income,Net Income
2001,Baltimore Orioles,AL East,63,98,4,,"3,094,841","38,686",4th of 14,"$74,279,540 ",96,95,Oriole Park at Camden Yards,133,,
2001,Chicago White Sox,AL Central,83,79,3,,"1,766,172","21,805",12th of 14,"$65,653,667 ",103,104,Comiskey Park II,101,,
2001,Chicago Cubs,NL Central,88,74,3,,"2,779,465","34,314",8th of 16,"$64,715,833 ",95,95,Wrigley Field,131,,
2001,Arizona Diamondbacks,NL West,92,70,1,Won WS (4-3),"2,736,451","33,783",9th of 16,"$85,082,999 ",107,108,Bank One Ballpark,127,,
2001,Boston Red Sox,AL East,82,79,2,,"2,625,333","32,412",6th of 14,"$110,035,833 ",100,101,Fenway Park,152,,
2001,Cleveland Indians,AL Central,91,71,1,Lost LDS (3-2),"3,175,523","39,694",3rd of 14,"$93,360,001 ",100,100,Jacobs Field,150,,
2001,Tampa Bay Rays,AL East,62,100,5,,"1,298,365","16,029",14th of 14,"$56,980,000 ",99,97,Tropicana Field,92,,
2001,Montreal Expos,NL East,68,94,5,,"642,745","7,935",16th of 16,"$35,159,500 ",102,101,Stade Olympique,63,,
2001,Texas Rangers,AL West,73,89,4,,"2,831,021","34,525",5th of 14,"$88,633,500 ",104,104,The Ballpark in Arlington,134,,
2001,Toronto Blue Jays,AL East,80,82,3,,"1,915,438","23,359",10th of 14,"$76,895,999 ",102,102,"Estadio Hiram Bithorn, SkyDome",91,,
2001,Cincinnati Reds,NL Central,66,96,5,,"1,879,757","23,207",13th of 16,"$48,986,000 ",105,105,Cinergy Field,87,,
2001,St Louis Cardinals,NL Central,93,69,2,Lost LDS (3-2),"3,109,578","37,922",3rd of 16,"$79,373,333 ",99,100,Busch Stadium II,123,,
2001,San Francisco Giants,NL West,90,72,2,,"3,311,958","40,888",1st of 16,"$63,280,167 ",91,93,Pacific Bell Park,142,,
2001,Seattle Mariners,AL West,116,46,1,Lost ALCS (4-1),"3,507,326","43,300",1st of 14,"$74,720,834 ",92,94,Safeco Field,166,,
2001,Philadelphia Phillies,NL East,86,76,2,,"1,782,054","22,001",14th of 16,"$41,663,833 ",97,97,Veterans Stadium,94,,
2001,Pittsburgh Pirates,NL Central,62,100,6,,"2,464,870","30,430",11th of 16,"$57,760,833 ",104,103,PNC Park,108,,
2001,Colorado Rockies,NL West,73,89,5,,"3,166,821","39,097",2nd of 16,"$71,541,334 ",122,122,Coors Field,129,,
2001,Oakland Athletics,AL West,102,60,2,Lost LDS (3-2),"2,133,277","26,337",7th of 14,"$33,810,750 ",97,98,Network Associates Coliseum,90,,
2001,New York Yankees,AL East,95,65,1,Lost WS (4-3),"3,264,907","40,811",2nd of 14,"$112,787,143 ",100,101,Yankee Stadium II,215,,
2001,New York Mets,NL East,82,80,3,,"2,658,330","32,819",10th of 16,"$93,174,428 ",95,95,Shea Stadium,169,,
2001,Miami Marlins,NL East,76,86,4,,"1,261,226","15,765",15th of 16,"$35,762,500 ",97,96,Pro Player Stadium,81,-14,
2001,Minnesota Twins,AL Central,85,77,2,,"1,782,929","22,011",11th of 14,"$24,130,000 ",101,101,Hubert H. Humphrey Metrodome,75,0.4,
2001,Detroit Tigers,AL Central,66,96,4,,"1,921,305","23,720",9th of 14,"$53,416,167 ",95,93,Comerica Park,114,-5.3,
2001,Milwaukee Brewers,NL Central,68,94,4,,"2,811,041","34,704",7th of 16,"$43,886,833 ",98,97,Miller Park,108,-6.1,
2001,Los Angeles Angels,AL West,75,87,3,,"2,000,919","24,703",8th of 14,"$47,735,167 ",100,101,Edison Field,103,-3.7,
2001,Houston Astros,NL Central,93,69,1,Lost LDS (3-0),"2,904,277","35,855",5th of 16,"$60,612,667 ",106,106,Enron Field,125,-0.8,
2001,Los Angeles Dodgers,NL West,86,76,3,,"3,017,143","37,249",4th of 16,"$109,105,953 ",91,92,Dodger Stadium,143,-25,
2001,Kansas City Royals,AL Central,65,97,5,,"1,536,371","18,968",13th of 14,"$35,422,500 ",107,106,Kauffman Stadium,85,-11.2,
2001,Atlanta Braves,NL East,88,74,1,Lost NLCS (4-1),"2,823,530","34,858",6th of 16,"$91,936,166 ",102,103,Turner Field,160,9.5,
2002,Baltimore Orioles,AL East,67,95,4,,"2,682,439","33,117",3rd of 14,"$64,493,487 ",96,95,Oriole Park at Camden Yards,129,12.4,
2002,Chicago White Sox,AL Central,81,81,2,,"1,676,911","20,703",10th of 14,"$57,052,833 ",101,101,Comiskey Park II,106,1.2,
2002,Chicago Cubs,NL Central,67,95,5,,"2,693,096","33,248",7th of 16,"$75,690,833 ",98,98,Wrigley Field,143,11.9,
2002,Arizona Diamondbacks,NL West,98,64,1,Lost LDS (3-0),"3,198,977","39,494",2nd of 16,"$102,819,999 ",110,111,Bank One Ballpark,122,-22.2,
2002,Boston Red Sox,AL East,93,69,2,,"2,650,862","32,727",4th of 14,"$108,366,060 ",102,103,Fenway Park,171,-2.1,
2002,Cleveland Indians,AL Central,74,88,3,,"2,616,940","32,308",5th of 14,"$78,909,449 ",98,97,Jacobs Field,141,-1,
2002,Tampa Bay Rays,AL East,55,106,5,,"1,065,742","13,157",14th of 14,"$34,380,000 ",99,97,Tropicana Field,91,1.4,
2002,Montreal Expos,NL East,83,79,2,,"812,045","10,025",16th of 16,"$38,670,500 ",103,103,Stade Olympique,66,-9.1,
2002,Texas Rangers,AL West,72,90,4,,"2,352,397","29,042",6th of 14,"$105,726,122 ",106,106,The Ballpark in Arlington,131,-24.5,
2002,Toronto Blue Jays,AL East,78,84,3,,"1,637,900","20,221",11th of 14,"$76,864,333 ",103,104,SkyDome,90,-23.9,
2002,Cincinnati Reds,NL Central,78,84,3,,"1,855,787","22,911",12th of 16,"$45,050,390 ",104,104,Cinergy Field,91,4.9,
2002,St Louis Cardinals,NL Central,97,65,1,Lost NLCS (4-1),"3,011,756","37,182",4th of 16,"$74,660,875 ",97,98,Busch Stadium II,128,-2,
2002,San Francisco Giants,NL West,95,66,2,Lost WS (4-3),"3,253,203","40,163",1st of 16,"$78,299,835 ",94,95,Pacific Bell Park,159,13.9,
2002,Seattle Mariners,AL West,93,69,3,,"3,542,938","43,740",1st of 14,"$80,282,668 ",95,97,Safeco Field,167,23.3,
2002,Philadelphia Phillies,NL East,80,81,3,,"1,618,467","20,231",14th of 16,"$57,954,999 ",94,94,Veterans Stadium,97,-11.9,
2002,Pittsburgh Pirates,NL Central,72,89,4,,"1,784,988","22,312",13th of 16,"$42,323,599 ",103,102,PNC Park,101,-1.6,
2002,Colorado Rockies,NL West,73,89,4,,"2,737,838","33,800",6th of 16,"$56,851,043 ",116,115,Coors Field,121,7.1,
2002,Oakland Athletics,AL West,103,59,1,Lost LDS (3-2),"2,169,811","26,788",8th of 14,"$40,004,167 ",97,98,Network Associates Coliseum,96,6.6,
2002,New York Yankees,AL East,103,58,1,Lost LDS (3-1),"3,465,807","43,323",2nd of 14,"$125,928,583 ",99,100,Yankee Stadium II,223,16.1,
2002,New York Mets,NL East,75,86,5,,"2,804,838","34,628",5th of 16,"$94,633,593 ",97,96,Shea Stadium,175,11.6,
2002,Miami Marlins,NL East,79,83,4,,"813,118","10,038",15th of 16,"$41,979,917 ",97,97,Pro Player Stadium,76,-11.6,
2002,Minnesota Twins,AL Central,94,67,1,Lost ALCS (4-1),"1,924,473","23,759",9th of 14,"$40,425,000 ",100,100,Hubert H. Humphrey Metrodome,87,-7.1,
2002,Detroit Tigers,AL Central,55,106,5,,"1,503,623","18,795",12th of 14,"$55,048,000 ",95,92,Comerica Park,108,0.3,
2002,Milwaukee Brewers,NL Central,56,106,6,,"1,969,153","24,311",11th of 16,"$50,287,833 ",99,98,Miller Park,98,5.1,
2002,Los Angeles Angels,AL West,99,63,2,Won WS (4-3),"2,305,547","28,464",7th of 14,"$61,721,667 ",99,100,Edison Field,118,-5.5,
2002,Houston Astros,NL Central,84,78,2,,"2,517,357","31,078",9th of 16,"$63,448,417 ",105,106,Minute Maid Park,121,-1.9,
2002,Los Angeles Dodgers,NL West,92,70,3,,"3,131,255","38,657",3rd of 16,"$94,850,953 ",92,92,Dodger Stadium,150,-19.1,
2002,Kansas City Royals,AL Central,62,100,4,,"1,323,036","16,334",13th of 14,"$47,257,000 ",111,110,Kauffman Stadium,85,6.6,
2002,Atlanta Braves,NL East,101,59,1,Lost LDS (3-2),"2,603,484","32,142",8th of 16,"$93,470,367 ",101,102,Turner Field,163,-0.3,
2003,Baltimore Orioles,AL East,71,91,4,,"2,454,523","30,303",5th of 14,"$73,877,500 ",99,99,Oriole Park at Camden Yards,129,9.1,
2003,Chicago White Sox,AL Central,86,76,2,,"1,939,524","23,945",9th of 14,"$51,010,000 ",102,102,U.S. Cellular Field,124,12.8,
2003,Chicago Cubs,NL Central,88,74,1,Lost NLCS (4-3),"2,962,630","36,576",3rd of 16,"$79,868,333 ",101,101,Wrigley Field,156,8.3,
2003,Arizona Diamondbacks,NL West,84,78,3,,"2,805,542","34,636",5th of 16,"$80,657,000 ",109,108,Bank One Ballpark,126,-15.2,
2003,Boston Red Sox,AL East,95,67,2,Lost ALCS (4-3),"2,724,165","33,632",4th of 14,"$99,946,500 ",103,105,Fenway Park,190,11.4,
2003,Cleveland Indians,AL Central,68,94,4,,"1,730,002","21,358",12th of 14,"$48,584,834 ",97,96,Jacobs Field,127,10.4,
2003,Tampa Bay Rays,AL East,63,99,5,,"1,058,695","13,070",14th of 14,"$19,630,000 ",97,95,Tropicana Field,101,7.5,
2003,Montreal Expos,NL East,83,79,4,,"1,025,639","12,662",16th of 16,"$51,948,500 ",105,105,"Stade Olympique, Estadio Hiram Bithorn",81,-8.3,
2003,Texas Rangers,AL West,71,91,4,,"2,094,394","25,857",7th of 14,"$103,491,667 ",111,111,The Ballpark in Arlington,127,-28.5,
2003,Toronto Blue Jays,AL East,86,76,3,,"1,799,458","22,216",11th of 14,"$51,269,000 ",104,104,SkyDome,99,,
2003,Cincinnati Reds,NL Central,69,93,5,,"2,355,259","29,077",8th of 16,"$59,355,667 ",96,95,Great American Ball Park,123,11.7,
2003,St Louis Cardinals,NL Central,85,77,3,,"2,910,386","35,931",4th of 16,"$83,786,666 ",96,97,Busch Stadium II,131,-11.1,
2003,San Francisco Giants,NL West,100,61,1,Lost LDS (3-1),"3,264,898","40,307",1st of 16,"$82,852,167 ",98,99,Pacific Bell Park,153,0.7,
2003,Seattle Mariners,AL West,93,69,2,,"3,268,509","40,352",2nd of 14,"$86,959,167 ",95,95,Safeco Field,169,17,
2003,Philadelphia Phillies,NL East,86,76,3,,"2,259,948","27,901",10th of 16,"$70,780,000 ",93,93,Veterans Stadium,115,-12.5,
2003,Pittsburgh Pirates,NL Central,75,87,4,,"1,636,751","20,207",14th of 16,"$54,812,429 ",102,102,PNC Park,109,-0.3,
2003,Colorado Rockies,NL West,74,88,4,,"2,334,085","28,816",9th of 16,"$67,179,667 ",116,115,Coors Field,124,-6.3,
2003,Oakland Athletics,AL West,96,66,1,Lost LDS (3-2),"2,216,596","27,365",6th of 14,"$50,260,834 ",98,99,Network Associates Coliseum,110,11.2,
2003,New York Yankees,AL East,101,61,1,Lost WS (4-2),"3,465,600","42,263",1st of 14,"$152,749,814 ",97,98,Yankee Stadium II,238,-26.3,
2003,New York Mets,NL East,66,95,5,,"2,140,599","26,757",11th of 16,"$117,176,429 ",98,97,Shea Stadium,158,-19.3,
2003,Miami Marlins,NL East,91,71,2,Won WS (4-2),"1,303,215","16,089",15th of 16,"$49,450,000 ",98,98,Pro Player Stadium,101,3,
2003,Minnesota Twins,AL Central,90,72,1,Lost LDS (3-1),"1,946,011","24,025",8th of 14,"$55,505,000 ",100,101,Hubert H. Humphrey Metrodome,99,-0.5,
2003,Detroit Tigers,AL Central,43,119,5,,"1,368,245","16,892",13th of 14,"$49,168,000 ",95,93,Comerica Park,117,7.9,
2003,Milwaukee Brewers,NL Central,68,94,6,,"1,700,354","20,992",13th of 16,"$40,627,000 ",100,98,Miller Park,102,24.2,
2003,Los Angeles Angels,AL West,77,85,3,,"3,061,094","37,330",3rd of 14,"$79,031,667 ",97,98,Edison Field,127,-30,
2003,Houston Astros,NL Central,87,75,2,,"2,454,241","30,299",6th of 16,"$71,040,000 ",102,103,Minute Maid Park,128,9.6,
2003,Los Angeles Dodgers,NL West,85,77,2,,"3,138,626","38,748",2nd of 16,"$105,872,620 ",94,94,Dodger Stadium,154,-7.4,
2003,Kansas City Royals,AL Central,83,79,3,,"1,779,895","22,249",10th of 14,"$40,518,000 ",108,107,Kauffman Stadium,98,3,
2003,Atlanta Braves,NL East,101,61,1,Lost LDS (3-2),"2,401,084","29,643",7th of 16,"$106,243,667 ",100,101,Turner Field,156,15.4,
2004,Baltimore Orioles,AL East,78,84,3,,"2,744,018","33,877",5th of 14,"$51,623,333 ",98,98,Oriole Park at Camden Yards,148,34,
2004,Chicago White Sox,AL Central,83,79,2,,"1,930,537","23,834",8th of 14,"$65,212,500 ",101,102,U.S. Cellular Field,131,8.1,
2004,Chicago Cubs,NL Central,89,73,3,,"3,170,154","38,660",4th of 16,"$90,560,000 ",102,102,Wrigley Field,170,11.4,
2004,Arizona Diamondbacks,NL West,51,111,5,,"2,519,560","31,106",8th of 16,"$69,780,750 ",106,105,Bank One Ballpark,136,-18.7,
2004,Boston Red Sox,AL East,98,64,2,Won WS (4-0),"2,837,294","35,028",4th of 14,"$127,298,500 ",104,106,Fenway Park,201,-11.3,
2004,Cleveland Indians,AL Central,80,82,3,,"1,814,401","22,400",12th of 14,"$34,319,300 ",94,94,Jacobs Field,139,27.2,
2004,Tampa Bay Rays,AL East,70,91,4,,"1,274,911","15,936",14th of 14,"$29,856,667 ",97,96,"Tropicana Field, Tokyo Dome",110,27.2,
2004,Montreal Expos,NL East,67,95,5,,"749,550","9,369",16th of 16,"$41,197,500 ",105,104,"Stade Olympique, Estadio Hiram Bithorn",80,-3,
2004,Texas Rangers,AL West,89,73,3,,"2,513,685","31,033",6th of 14,"$55,050,417 ",108,108,The Ballpark in Arlington,142,2.9,
2004,Toronto Blue Jays,AL East,67,94,5,,"1,900,041","23,457",11th of 14,"$50,017,000 ",104,104,SkyDome,107,7.8,
2004,Cincinnati Reds,NL Central,76,86,4,,"2,287,250","28,238",12th of 16,"$46,915,250 ",98,97,Great American Ball Park,127,22.6,
2004,St Louis Cardinals,NL Central,105,57,1,Lost WS (4-0),"3,048,427","37,635",6th of 16,"$84,340,333 ",98,99,Busch Stadium II,151,-3.9,
2004,San Francisco Giants,NL West,91,71,2,,"3,256,854","39,718",3rd of 16,"$82,019,166 ",101,101,SBC Park,159,6.9,
2004,Seattle Mariners,AL West,63,99,4,,"2,940,731","35,863",3rd of 14,"$81,515,834 ",97,97,Safeco Field,173,10.8,
2004,Philadelphia Phillies,NL East,86,76,2,,"3,250,092","40,125",2nd of 16,"$93,219,167 ",104,105,Citizens Bank Park,167,6.1,
2004,Pittsburgh Pirates,NL Central,72,89,5,,"1,580,031","19,750",15th of 16,"$32,227,929 ",99,99,PNC Park,109,12.2,
2004,Colorado Rockies,NL West,68,94,4,,"2,338,069","28,865",9th of 16,"$65,445,167 ",114,113,Coors Field,132,-7.8,
2004,Oakland Athletics,AL West,91,71,2,,"2,201,516","27,179",7th of 14,"$59,425,667 ",98,99,Network Associates Coliseum,116,5.9,
2004,New York Yankees,AL East,101,61,1,Lost ALCS (4-3),"3,775,292","46,609",1st of 14,"$184,193,950 ",97,98,Yankee Stadium II,264,-37.1,
2004,New York Mets,NL East,71,91,4,,"2,318,951","28,629",11th of 16,"$102,035,970 ",99,98,Shea Stadium,180,-11.2,
2004,Miami Marlins,NL East,83,79,3,,"1,723,105","21,539",14th of 16,"$42,143,042 ",95,95,"U.S. Cellular Field, Pro Player Stadium",103,-11.9,
2004,Minnesota Twins,AL Central,92,70,1,Lost LDS (3-1),"1,911,490","23,599",10th of 14,"$53,890,000 ",102,102,Hubert H. Humphrey Metrodome,102,6.9,
2004,Detroit Tigers,AL Central,72,90,4,,"1,917,004","23,667",9th of 14,"$46,832,000 ",96,94,Comerica Park,126,3.5,
2004,Milwaukee Brewers,NL Central,67,94,6,,"2,062,382","25,462",13th of 16,"$27,528,500 ",101,100,Miller Park,112,22.4,
2004,Los Angeles Angels,AL West,92,70,1,Lost LDS (3-0),"3,375,677","41,675",2nd of 14,"$100,534,667 ",96,97,Angel Stadium of Anaheim,147,-2.6,
2004,Houston Astros,NL Central,92,70,2,Lost NLCS (4-3),"3,087,872","38,122",5th of 16,"$75,397,000 ",100,101,Minute Maid Park,155,30.2,
2004,Los Angeles Dodgers,NL West,93,69,1,Lost LDS (3-1),"3,488,283","43,065",1st of 16,"$92,902,001 ",95,95,Dodger Stadium,166,13.4,
2004,Kansas City Royals,AL Central,58,104,5,,"1,661,478","20,768",13th of 14,"$47,609,000 ",103,101,Kauffman Stadium,104,20.8,
2004,Atlanta Braves,NL East,96,66,1,Lost LDS (3-2),"2,327,565","28,735",10th of 16,"$90,182,500 ",99,101,Turner Field,162,27.6,
2005,Baltimore Orioles,AL East,74,88,4,,"2,624,740","32,404",5th of 14,"$73,914,333 ",99,99,Oriole Park at Camden Yards,156,21,
2005,Chicago White Sox,AL Central,99,63,1,Won WS (4-0),"2,342,833","28,924",7th of 14,"$75,178,000 ",103,103,U.S. Cellular Field,157,21.7,
2005,Chicago Cubs,NL Central,79,83,4,,"3,099,992","38,272",4th of 16,"$87,032,933 ",104,104,Wrigley Field,179,7.9,
2005,Arizona Diamondbacks,NL West,77,85,2,,"2,059,424","25,425",12th of 16,"$62,629,166 ",104,103,Bank One Ballpark,145,21.8,
2005,Boston Red Sox,AL East,95,67,2,Lost LDS (3-0),"2,847,888","35,159",3rd of 14,"$123,505,125 ",104,104,Fenway Park,206,-18.5,
2005,Cleveland Indians,AL Central,93,69,2,,"2,013,763","24,861",12th of 14,"$41,502,500 ",96,96,Jacobs Field,150,34.6,
2005,Tampa Bay Rays,AL East,67,95,5,,"1,141,669","14,095",14th of 14,"$29,679,067 ",100,98,Tropicana Field,116,20.3,
2005,Washington Nationals,NL East,81,81,5,,"2,731,993","33,728",8th of 16,"$48,581,500 ",96,95,Robert F. Kennedy Stadium,145,27.9,
2005,Texas Rangers,AL West,79,83,3,,"2,525,221","31,176",6th of 14,"$55,849,000 ",105,106,Ameriquest Field,153,24.7,
2005,Toronto Blue Jays,AL East,80,82,3,,"2,014,995","24,876",11th of 14,"$45,719,500 ",102,102,Rogers Centre,136,29.7,
2005,Cincinnati Reds,NL Central,73,89,5,,"1,943,067","23,696",13th of 16,"$61,892,583 ",101,100,Great American Ball Park,137,17.9,
2005,St Louis Cardinals,NL Central,100,62,1,Lost NLCS (4-2),"3,538,988","43,691",2nd of 16,"$92,106,833 ",100,101,Busch Stadium II,165,7.9,
2005,San Francisco Giants,NL West,75,87,3,,"3,181,023","39,272",3rd of 16,"$90,199,500 ",101,101,SBC Park,171,11.2,
2005,Seattle Mariners,AL West,69,93,4,,"2,725,459","33,648",4th of 14,"$87,754,334 ",96,95,Safeco Field,179,7.3,
2005,Philadelphia Phillies,NL East,88,74,2,,"2,665,304","32,905",9th of 16,"$95,522,000 ",104,105,Citizens Bank Park,176,14.7,
2005,Pittsburgh Pirates,NL Central,67,95,6,,"1,817,245","22,435",16th of 16,"$38,133,000 ",99,99,PNC Park,125,21.9,
2005,Colorado Rockies,NL West,67,95,5,,"1,914,389","23,634",14th of 16,"$47,839,000 ",113,112,Coors Field,145,16.3,
2005,Oakland Athletics,AL West,88,74,2,,"2,109,118","26,038",8th of 14,"$55,425,762 ",100,100,McAfee Coliseum,134,16,
2005,New York Yankees,AL East,95,67,1,Lost LDS (3-2),"4,090,696","50,502",1st of 14,"$208,306,817 ",97,98,Yankee Stadium II,277,-50,
2005,New York Mets,NL East,83,79,3,,"2,829,929","34,937",6th of 16,"$101,305,821 ",97,97,Shea Stadium,195,-16.2,
2005,Miami Marlins,NL East,83,79,3,,"1,852,608","22,872",15th of 16,"$60,408,834 ",94,94,Dolphins Stadium,119,43.3,
2005,Minnesota Twins,AL Central,83,79,3,,"2,034,243","25,114",9th of 14,"$56,186,000 ",102,102,Hubert H. Humphrey Metrodome,114,14.8,
2005,Detroit Tigers,AL Central,71,91,4,,"2,024,431","24,993",10th of 14,"$69,092,000 ",97,97,Comerica Park,146,8.7,
2005,Milwaukee Brewers,NL Central,81,81,3,,"2,211,023","27,297",11th of 16,"$39,934,833 ",101,100,Miller Park,131,20.8,
2005,Los Angeles Angels,AL West,95,67,1,Lost ALCS (4-1),"3,404,686","42,033",2nd of 14,"$94,867,822 ",97,98,Angel Stadium of Anaheim,167,11.5,
2005,Houston Astros,NL Central,89,73,2,Lost WS (4-0),"2,804,760","34,627",7th of 16,"$76,779,000 ",100,101,Minute Maid Park,173,18.4,
2005,Los Angeles Dodgers,NL West,71,91,4,,"3,603,646","44,489",1st of 16,"$83,039,000 ",97,98,Dodger Stadium,189,27.5,
2005,Kansas City Royals,AL Central,56,106,5,,"1,371,181","16,928",13th of 14,"$36,881,000 ",101,99,Kauffman Stadium,117,8.4,
2005,Atlanta Braves,NL East,90,72,1,Lost LDS (3-1),"2,521,167","31,126",10th of 16,"$86,457,302 ",100,101,Turner Field,172,14.8,
2006,Baltimore Orioles,AL East,70,92,4,,"2,153,139","26,582",10th of 14,"$72,585,582 ",99,99,Oriole Park at Camden Yards,158,17.1,
2006,Chicago White Sox,AL Central,90,72,3,,"2,957,414","36,511",3rd of 14,"$102,750,667 ",104,104,U.S. Cellular Field,173,19.5,
2006,Chicago Cubs,NL Central,66,96,6,,"3,123,215","38,558",5th of 16,"$94,424,499 ",103,103,Wrigley Field,197,22.2,
2006,Arizona Diamondbacks,NL West,76,86,4,,"2,091,685","25,823",14th of 16,"$59,984,226 ",105,105,Chase Field,154,6.4,
2006,Boston Red Sox,AL East,86,76,3,,"2,930,588","36,180",4th of 14,"$120,099,824 ",104,105,Fenway Park,234,19.5,
2006,Cleveland Indians,AL Central,78,84,4,,"1,997,995","24,667",11th of 14,"$56,031,500 ",98,99,Jacobs Field,158,24.9,
2006,Tampa Bay Rays,AL East,61,101,5,,"1,368,950","16,901",14th of 14,"$34,917,967 ",100,99,Tropicana Field,134,20.2,
2006,Washington Nationals,NL East,71,91,5,,"2,153,056","26,581",11th of 16,"$63,143,000 ",95,94,Robert F. Kennedy Stadium,144,19.5,
2006,Texas Rangers,AL West,80,82,3,,"2,388,757","29,491",7th of 14,"$68,228,662 ",101,101,Ameriquest Field,155,11.2,
2006,Toronto Blue Jays,AL East,87,75,2,,"2,302,212","28,422",8th of 14,"$71,365,000 ",100,100,Rogers Centre,157,11,
2006,Cincinnati Reds,NL Central,80,82,3,,"2,134,607","26,353",12th of 16,"$60,909,519 ",104,104,Great American Ball Park,146,22.4,
2006,St Louis Cardinals,NL Central,83,78,1,Won WS (4-1),"3,407,104","42,589",2nd of 16,"$88,891,371 ",99,99,Busch Stadium III,184,14,
2006,San Francisco Giants,NL West,76,85,3,,"3,130,313","38,646",4th of 16,"$90,056,419 ",100,100,AT&T Park,184,18.5,
2006,Seattle Mariners,AL West,78,84,4,,"2,481,165","30,632",6th of 14,"$87,959,833 ",97,97,Safeco Field,182,21.5,
2006,Philadelphia Phillies,NL East,85,77,2,,"2,701,815","33,356",7th of 16,"$88,273,333 ",104,105,Citizens Bank Park,183,11.3,
2006,Pittsburgh Pirates,NL Central,67,95,5,,"1,861,549","22,982",15th of 16,"$46,717,750 ",99,98,PNC Park,137,25.3,
2006,Colorado Rockies,NL West,76,86,4,,"2,104,362","25,980",13th of 16,"$41,233,000 ",109,109,Coors Field,151,23.9,
2006,Oakland Athletics,AL West,93,69,1,Lost ALCS (4-0),"1,976,625","24,403",12th of 14,"$64,843,079 ",97,97,McAfee Coliseum,146,14.5,
2006,New York Yankees,AL East,97,65,1,Lost LDS (3-1),"4,248,067","52,445",1st of 14,"$194,663,079 ",99,101,Yankee Stadium II,302,-25.2,
2006,New York Mets,NL East,97,65,1,Lost NLCS (4-3),"3,379,535","41,723",3rd of 16,"$101,584,963 ",97,98,Shea Stadium,217,24.4,
2006,Miami Marlins,NL East,78,84,4,,"1,164,134","14,372",16th of 16,"$14,671,500 ",96,95,Dolphins Stadium,122,35.6,
2006,Minnesota Twins,AL Central,96,66,1,Lost LDS (3-0),"2,285,018","28,210",9th of 14,"$63,396,006 ",98,98,Hubert H. Humphrey Metrodome,131,23.8,
2006,Detroit Tigers,AL Central,95,67,2,Lost WS (4-1),"2,595,937","32,049",5th of 14,"$82,612,866 ",99,100,Comerica Park,170,4.6,
2006,Milwaukee Brewers,NL Central,75,87,4,,"2,335,643","28,835",10th of 16,"$57,970,333 ",101,101,Miller Park,144,19.2,
2006,Los Angeles Angels,AL West,89,73,2,,"3,406,790","42,059",2nd of 14,"$103,472,000 ",99,100,Angel Stadium of Anaheim,187,15.2,
2006,Houston Astros,NL Central,82,80,2,,"3,022,763","37,318",6th of 16,"$100,894,435 ",99,100,Minute Maid Park,184,20.4,
2006,Los Angeles Dodgers,NL West,88,74,2,Lost LDS (3-0),"3,758,545","46,402",1st of 16,"$98,447,187 ",100,101,Dodger Stadium,211,20,
2006,Kansas City Royals,AL Central,62,100,5,,"1,372,638","16,946",13th of 14,"$47,694,000 ",103,101,Kauffman Stadium,123,7.4,
2006,Atlanta Braves,NL East,79,83,3,,"2,550,524","31,488",9th of 16,"$90,156,876 ",99,100,Turner Field,183,28.1,
2007,Baltimore Orioles,AL East,69,93,4,,"2,164,822","26,726",11th of 14,"$93,174,808 ",102,101,Oriole Park at Camden Yards,166,7.7,
2007,Chicago White Sox,AL Central,72,90,4,,"2,684,395","33,141",5th of 14,"$108,671,833 ",104,104,U.S. Cellular Field,193,30.6,
2007,Chicago Cubs,NL Central,85,77,1,Lost LDS (3-0),"3,252,462","40,154",4th of 16,"$101,670,332 ",104,105,Wrigley Field,214,21.4,
2007,Arizona Diamondbacks,NL West,90,72,1,Lost NLCS (4-0),"2,325,249","28,707",12th of 16,"$52,067,546 ",107,107,Chase Field,165,5.9,
2007,Boston Red Sox,AL East,96,66,1,Won WS (4-0),"2,970,755","36,676",4th of 14,"$143,026,214 ",105,106,Fenway Park,263,-19.1,
2007,Cleveland Indians,AL Central,96,66,1,Lost ALCS (4-3),"2,275,912","28,449",9th of 14,"$61,673,267 ",100,101,"Jacobs Field, Miller Park",181,29.2,
2007,Tampa Bay Rays,AL East,66,96,5,,"1,387,603","17,131",14th of 14,"$24,623,500 ",100,98,"Ballpark at Disney's Wide World of Sports, Tropicana Field",138,29.7,
2007,Washington Nationals,NL East,73,89,4,,"1,943,812","23,998",14th of 16,"$36,947,500 ",95,94,Robert F. Kennedy Stadium,153,43.7,
2007,Texas Rangers,AL West,75,87,4,,"2,353,862","29,060",8th of 14,"$68,643,675 ",101,101,Ameriquest Field,172,17.2,
2007,Toronto Blue Jays,AL East,83,79,3,,"2,360,644","29,144",7th of 14,"$81,942,800 ",99,100,Rogers Centre,160,-1.8,
2007,Cincinnati Reds,NL Central,72,90,5,,"2,058,593","25,415",13th of 16,"$68,524,980 ",104,104,Great American Ball Park,161,19.3,
2007,St Louis Cardinals,NL Central,78,84,3,,"3,552,180","43,854",3rd of 16,"$90,286,823 ",99,99,Busch Stadium III,194,21.5,
2007,San Francisco Giants,NL West,71,91,5,,"3,223,215","39,793",5th of 16,"$90,219,056 ",101,101,AT&T Park,197,19.9,
2007,Seattle Mariners,AL West,88,74,2,,"2,672,223","32,588",6th of 14,"$106,460,833 ",97,96,Safeco Field,194,10.1,
2007,Philadelphia Phillies,NL East,89,73,1,Lost LDS (3-0),"3,108,325","38,374",6th of 16,"$89,428,213 ",103,104,Citizens Bank Park,192,14.3,
2007,Pittsburgh Pirates,NL Central,68,94,6,,"1,749,142","21,594",15th of 16,"$38,537,833 ",98,97,PNC Park,139,17.6,
2007,Colorado Rockies,NL West,90,73,2,Lost WS (4-0),"2,376,250","28,979",11th of 16,"$54,041,000 ",108,107,Coors Field,169,26.2,
2007,Oakland Athletics,AL West,76,86,3,,"1,921,844","23,726",12th of 14,"$79,366,940 ",94,94,McAfee Coliseum,154,15.4,
2007,New York Yankees,AL East,94,68,2,Lost LDS (3-1),"4,271,083","52,729",1st of 14,"$207,039,045 ",100,101,Yankee Stadium II,327,-47.3,
2007,New York Mets,NL East,88,74,2,,"3,853,955","47,580",2nd of 16,"$116,181,663 ",97,98,Shea Stadium,235,32.9,
2007,Miami Marlins,NL East,71,91,5,,"1,370,511","16,920",16th of 16,"$30,507,000 ",98,97,Dolphin Stadium,128,43.7,
2007,Minnesota Twins,AL Central,79,83,3,,"2,296,383","28,350",10th of 14,"$71,439,500 ",95,95,Hubert H. Humphrey Metrodome,149,26.8,
2007,Detroit Tigers,AL Central,88,74,2,,"3,047,133","37,619",3rd of 14,"$95,180,369 ",101,102,Comerica Park,173,-26.3,
2007,Milwaukee Brewers,NL Central,83,79,2,,"2,869,144","35,422",8th of 16,"$70,986,500 ",100,100,Miller Park,158,11.8,
2007,Los Angeles Angels,AL West,94,68,1,Lost LDS (3-0),"3,365,632","41,551",2nd of 14,"$109,251,333 ",100,101,Angel Stadium of Anaheim,200,10.3,
2007,Houston Astros,NL Central,73,89,4,,"3,020,405","37,289",7th of 16,"$87,759,000 ",100,100,Minute Maid Park,193,17,
2007,Los Angeles Dodgers,NL West,82,80,4,,"3,857,036","47,618",1st of 16,"$108,454,524 ",100,101,Dodger Stadium,224,16.5,
2007,Kansas City Royals,AL Central,69,93,5,,"1,616,867","19,961",13th of 14,"$67,691,500 ",101,100,Kauffman Stadium,131,9,
2007,Atlanta Braves,NL East,84,78,3,,"2,745,207","33,891",10th of 16,"$87,290,833 ",98,98,Turner Field,199,4.7,
2008,Baltimore Orioles,AL East,68,93,5,,"1,950,075","24,376",10th of 14,"$67,196,246 ",102,101,Oriole Park at Camden Yards,174,27.2,
2008,Chicago White Sox,AL Central,89,74,1,Lost LDS (3-1),"2,500,648","30,496",5th of 14,"$121,189,332 ",105,104,U.S. Cellular Field,196,13.8,
2008,Chicago Cubs,NL Central,97,64,1,Lost LDS (3-0),"3,300,200","40,743",5th of 16,"$120,345,833 ",106,107,Wrigley Field,239,29.7,
2008,Arizona Diamondbacks,NL West,82,80,2,,"2,509,924","30,987",11th of 16,"$66,202,712 ",107,107,Chase Field,177,3.9,
2008,Boston Red Sox,AL East,95,67,2,Lost ALCS (4-3),"3,048,250","37,633",4th of 14,"$133,390,035 ",106,107,Fenway Park,269,25.7,
2008,Cleveland Indians,AL Central,81,81,3,,"2,169,760","26,787",9th of 14,"$78,970,066 ",97,98,Progressive Field,181,19.5,
2008,Tampa Bay Rays,AL East,97,65,1,Lost WS (4-1),"1,811,986","22,370",12th of 14,"$44,970,597 ",101,101,"Ballpark at Disney's Wide World of Sports, Tropicana Field",160,29.4,
2008,Washington Nationals,NL East,59,102,5,,"2,320,400","29,005",13th of 16,"$54,961,000 ",100,98,Nationals Park,184,42.6,
2008,Texas Rangers,AL West,79,83,2,,"1,945,677","24,021",11th of 14,"$68,037,326 ",102,101,Rangers Ballpark in Arlington,176,17.4,
2008,Toronto Blue Jays,AL East,86,76,4,,"2,399,786","29,627",6th of 14,"$97,793,900 ",97,97,Rogers Centre,172,3,
2008,Cincinnati Reds,NL Central,74,88,5,,"2,058,632","25,415",14th of 16,"$74,167,695 ",102,102,Great American Ball Park,171,17,
2008,St Louis Cardinals,NL Central,86,76,4,,"3,432,917","42,382",3rd of 16,"$99,624,449 ",98,98,Busch Stadium III,195,6.6,
2008,San Francisco Giants,NL West,72,90,4,,"2,863,837","35,356",7th of 16,"$76,594,500 ",102,102,AT&T Park,196,22.4,
2008,Seattle Mariners,AL West,61,101,4,,"2,329,702","28,762",7th of 14,"$117,666,482 ",97,96,Safeco Field,189,3.8,
2008,Philadelphia Phillies,NL East,92,70,1,Won WS (4-1),"3,422,583","42,254",4th of 16,"$97,879,880 ",101,102,Citizens Bank Park,216,16.3,
2008,Pittsburgh Pirates,NL Central,67,95,6,,"1,609,076","19,865",15th of 16,"$48,689,783 ",97,96,PNC Park,144,15.9,
2008,Colorado Rockies,NL West,74,88,3,,"2,650,218","32,719",9th of 16,"$68,655,500 ",109,109,Coors Field,178,24.5,
2008,Oakland Athletics,AL West,75,86,3,,"1,665,256","20,559",13th of 14,"$47,967,126 ",94,94,"McAfee Coliseum, Tokyo Dome",160,26.2,
2008,New York Yankees,AL East,89,73,3,,"4,298,655","53,070",1st of 14,"$212,286,789 ",101,103,Yankee Stadium II,375,-3.7,
2008,New York Mets,NL East,89,73,2,,"4,042,045","49,902",1st of 16,"$137,793,376 ",98,98,Shea Stadium,261,23.5,57.6
2008,Miami Marlins,NL East,84,77,3,,"1,335,076","16,482",16th of 16,"$21,811,500 ",101,101,Dolphin Stadium,139,46.1,
2008,Minnesota Twins,AL Central,88,75,2,,"2,302,431","28,425",8th of 14,"$56,932,766 ",96,96,Hubert H. Humphrey Metrodome,158,25,
2008,Detroit Tigers,AL Central,74,88,5,,"3,202,645","39,539",3rd of 14,"$138,785,196 ",102,102,Comerica Park,186,-29.5,
2008,Milwaukee Brewers,NL Central,90,72,2,Lost LDS (3-1),"3,068,458","37,882",6th of 16,"$80,937,499 ",98,98,Miller Park,173,10.2,
2008,Los Angeles Angels,AL West,100,62,1,Lost LDS (3-1),"3,336,747","41,194",2nd of 14,"$119,216,333 ",102,102,Angel Stadium of Anaheim,212,12,
2008,Houston Astros,NL Central,86,75,3,,"2,779,487","34,744",8th of 16,"$87,946,807 ",98,97,"Minute Maid Park, Miller Park",194,7.1,
2008,Los Angeles Dodgers,NL West,84,78,1,Lost NLCS (4-1),"3,730,553","46,056",2nd of 16,"$118,588,536 ",97,98,Dodger Stadium,241,33.1,
2008,Kansas City Royals,AL Central,75,87,4,,"1,578,922","19,493",14th of 14,"$59,445,500 ",99,98,Kauffman Stadium,143,8.9,
2008,Atlanta Braves,NL East,72,90,4,,"2,532,834","31,270",10th of 16,"$102,365,683 ",97,98,Turner Field,186,1.5,
2009,Baltimore Orioles,AL East,64,98,5,,"1,907,163","23,545",9th of 14,"$69,904,166 ",102,101,Oriole Park at Camden Yards,171,19.4,
2009,Chicago White Sox,AL Central,79,83,3,,"2,284,163","28,200",6th of 14,"$101,081,000 ",105,105,U.S. Cellular Field,194,26.4,
2009,Chicago Cubs,NL Central,83,78,2,,"3,168,859","39,611",4th of 16,"$139,652,000 ",106,107,Wrigley Field,246,25.5,
2009,Arizona Diamondbacks,NL West,70,92,5,,"2,128,765","26,281",11th of 16,"$75,920,666 ",106,105,Chase Field,172,-0.6,
2009,Boston Red Sox,AL East,95,67,2,Lost LDS (3-0),"3,062,699","37,811",3rd of 14,"$125,439,499 ",104,105,Fenway Park,266,40,
2009,Cleveland Indians,AL Central,65,97,4,,"1,766,242","21,805",13th of 14,"$85,224,866 ",95,95,Progressive Field,170,10.1,
2009,Tampa Bay Rays,AL East,84,78,3,,"1,874,962","23,148",11th of 14,"$67,270,334 ",97,98,Tropicana Field,156,15.7,
2009,Washington Nationals,NL East,59,103,5,,"1,817,226","22,435",13th of 16,"$64,384,000 ",101,99,Nationals Park,184,33.5,
2009,Texas Rangers,AL West,87,75,2,,"2,156,016","26,617",8th of 14,"$79,723,548 ",104,104,Rangers Ballpark in Arlington,180,4.7,
2009,Toronto Blue Jays,AL East,75,87,4,,"1,876,129","23,162",10th of 14,"$83,964,500 ",99,100,Rogers Centre,163,13.1,
2009,Cincinnati Reds,NL Central,78,84,4,,"1,747,919","21,579",14th of 16,"$78,979,000 ",100,100,Great American Ball Park,166,17.8,
2009,St Louis Cardinals,NL Central,91,71,1,Lost LDS (3-0),"3,343,252","41,275",3rd of 16,"$90,928,409 ",97,98,Busch Stadium III,195,12.8,
2009,San Francisco Giants,NL West,88,74,3,,"2,862,110","35,335",7th of 16,"$91,944,450 ",101,102,AT&T Park,201,23.5,
2009,Seattle Mariners,AL West,85,77,3,,"2,195,533","27,105",7th of 14,"$100,134,166 ",95,94,Safeco Field,191,10.5,
2009,Philadelphia Phillies,NL East,93,69,1,Lost WS (4-2),"3,600,693","44,453",2nd of 16,"$115,479,046 ",100,101,Citizens Bank Park,233,14.5,
2009,Pittsburgh Pirates,NL Central,62,99,6,,"1,577,853","19,480",15th of 16,"$51,912,500 ",99,98,PNC Park,145,15.6,
2009,Colorado Rockies,NL West,92,70,2,Lost LDS (3-1),"2,665,080","32,902",8th of 16,"$79,250,200 ",112,112,Coors Field,183,20.1,
2009,Oakland Athletics,AL West,75,87,4,,"1,408,783","17,392",14th of 14,"$65,945,000 ",98,98,Oakland-Alameda County Coliseum,155,22.1,
2009,New York Yankees,AL East,103,59,1,Won WS (4-2),"3,719,358","45,918",1st of 14,"$210,330,039 ",103,105,Yankee Stadium III,441,24.9,
2009,New York Mets,NL East,70,92,4,,"3,168,571","39,118",5th of 16,"$151,994,237 ",97,97,Citi Field,268,26.2,98.9
2009,Miami Marlins,NL East,87,75,2,,"1,464,109","18,075",16th of 16,"$40,029,000 ",102,102,Land Shark Stadium,144,20.2,
2009,Minnesota Twins,AL Central,87,76,1,Lost LDS (3-0),"2,416,237","29,466",5th of 14,"$67,804,266 ",98,98,Hubert H. Humphrey Metrodome,162,26.5,
2009,Detroit Tigers,AL Central,86,77,2,,"2,567,165","31,693",4th of 14,"$119,510,145 ",101,101,Comerica Park,188,-29.1,
2009,Milwaukee Brewers,NL Central,80,82,3,,"3,037,451","37,499",6th of 16,"$81,384,502 ",98,98,Miller Park,171,12.4,
2009,Los Angeles Angels,AL West,97,65,1,Lost ALCS (4-2),"3,240,386","40,005",2nd of 14,"$118,169,000 ",98,99,Angel Stadium of Anaheim,217,11.8,
2009,Houston Astros,NL Central,74,88,5,,"2,521,076","31,124",9th of 16,"$105,804,414 ",98,98,Minute Maid Park,189,14.4,
2009,Los Angeles Dodgers,NL West,95,67,1,Lost NLCS (4-1),"3,761,655","46,440",1st of 16,"$102,117,592 ",95,95,Dodger Stadium,247,32.8,
2009,Kansas City Royals,AL Central,65,97,4,,"1,797,891","22,196",12th of 14,"$76,817,333 ",99,97,Kauffman Stadium,155,10.3,
2009,Atlanta Braves,NL East,86,76,3,,"2,373,631","29,304",10th of 16,"$99,593,166 ",98,99,Turner Field,188,22.2,
2010,Baltimore Orioles,AL East,66,96,5,,"1,733,019","21,395",10th of 14,"$81,612,500 ",100,99,Oriole Park at Camden Yards,175,25.5,
2010,Chicago White Sox,AL Central,88,74,2,,"2,194,378","27,091",7th of 14,"$107,195,000 ",103,103,U.S. Cellular Field,210,27.6,
2010,Chicago Cubs,NL Central,75,87,5,,"3,062,973","37,814",4th of 16,"$146,609,002 ",105,104,Wrigley Field,258,23.4,
2010,Arizona Diamondbacks,NL West,65,97,5,,"2,056,697","25,391",13th of 16,"$61,368,166 ",105,105,Chase Field,180,6.2,
2010,Boston Red Sox,AL East,89,73,3,,"3,046,445","37,610",4th of 14,"$164,507,333 ",105,106,Fenway Park,272,-1.1,
2010,Cleveland Indians,AL Central,69,93,4,,"1,391,644","17,181",14th of 14,"$61,203,966 ",95,94,Progressive Field,168,12.1,
2010,Tampa Bay Rays,AL East,96,66,1,Lost LDS (3-2),"1,864,999","23,025",9th of 14,"$71,923,471 ",94,95,Tropicana Field,166,6.8,
2010,Washington Nationals,NL East,69,93,5,,"1,828,066","22,569",14th of 16,"$67,701,000 ",100,99,Nationals Park,194,36.6,
2010,Texas Rangers,AL West,90,72,1,Lost WS (4-1),"2,505,171","30,928",5th of 14,"$56,474,374 ",108,109,Rangers Ballpark in Arlington,206,22.6,
2010,Toronto Blue Jays,AL East,85,77,4,,"1,495,482","19,173",12th of 14,"$62,734,000 ",101,102,Rogers Centre,168,3.6,
2010,Cincinnati Reds,NL Central,91,71,1,Lost LDS (3-0),"2,060,550","25,439",12th of 16,"$75,321,542 ",101,102,Great American Ball Park,179,20.1,
2010,St Louis Cardinals,NL Central,86,76,2,,"3,301,218","40,756",3rd of 16,"$93,540,751 ",96,97,Busch Stadium III,207,19.8,
2010,San Francisco Giants,NL West,92,70,1,Won WS (4-1),"3,037,443","37,499",5th of 16,"$98,641,333 ",97,97,AT&T Park,230,29.9,
2010,Seattle Mariners,AL West,61,101,4,,"2,085,630","25,749",8th of 14,"$86,510,000 ",95,93,Safeco Field,204,9.9,
2010,Philadelphia Phillies,NL East,97,65,1,Lost NLCS (4-2),"3,777,322","44,968",1st of 16,"$141,928,379 ",101,102,Citizens Bank Park,239,8.9,
2010,Pittsburgh Pirates,NL Central,57,105,6,,"1,613,399","19,919",15th of 16,"$37,443,000 ",100,98,PNC Park,160,24.6,
2010,Colorado Rockies,NL West,83,79,3,,"2,875,245","35,497",6th of 16,"$90,677,000 ",115,115,Coors Field,188,16.3,
2010,Oakland Athletics,AL West,81,81,2,,"1,418,391","17,511",13th of 14,"$57,904,900 ",99,99,Oakland-Alameda County Coliseum,161,23.2,
2010,New York Yankees,AL East,95,67,2,Lost ALCS (4-2),"3,765,807","46,491",1st of 14,"$210,733,389 ",104,106,Yankee Stadium III,427,25.7,
2010,New York Mets,NL East,79,83,4,,"2,559,738","31,602",8th of 16,"$134,422,942 ",97,97,Citi Field,233,-6.2,52.5
2010,Miami Marlins,NL East,80,82,3,,"1,524,894","18,826",16th of 16,"$57,454,719 ",103,103,"Sun Life Stadium, Estadio Hiram Bithorn",143,8.9,
2010,Minnesota Twins,AL Central,94,68,1,Lost LDS (3-0),"3,223,640","39,798",3rd of 14,"$97,559,166 ",98,98,Target Field,213,16.6,
2010,Detroit Tigers,AL Central,81,81,3,,"2,461,237","30,386",6th of 14,"$124,039,928 ",101,102,Comerica Park,192,8.2,
2010,Milwaukee Brewers,NL Central,77,85,3,,"2,776,531","34,278",7th of 16,"$81,108,278 ",100,100,Miller Park,179,19.2,
2010,Los Angeles Angels,AL West,80,82,3,,"3,250,814","40,134",2nd of 14,"$104,963,866 ",96,96,Angel Stadium of Anaheim,222,-1.2,
2010,Houston Astros,NL Central,76,86,4,,"2,331,490","28,784",10th of 16,"$93,216,000 ",98,97,Minute Maid Park,197,24.3,
2010,Los Angeles Dodgers,NL West,80,82,4,,"3,562,320","43,979",2nd of 16,"$95,358,016 ",96,96,Dodger Stadium,246,1.2,
2010,Kansas City Royals,AL Central,67,95,5,,"1,615,327","19,942",11th of 14,"$73,105,210 ",101,99,Kauffman Stadium,160,28.5,
2010,Atlanta Braves,NL East,91,71,2,Lost LDS (3-1),"2,510,119","30,989",9th of 16,"$84,423,666 ",97,98,Turner Field,201,20.7,
2011,Baltimore Orioles,AL East,69,93,5,,"1,755,461","21,672",11th of 14,"$88,299,038 ",103,102,Oriole Park at Camden Yards,179,12.9,
2011,Chicago White Sox,AL Central,79,83,3,,"2,001,117","24,705",7th of 14,"$127,789,000 ",106,106,U.S. Cellular Field,214,10.7,
2011,Chicago Cubs,NL Central,71,91,5,,"3,017,966","37,259",5th of 16,"$136,547,329 ",102,101,Wrigley Field,266,28.1,
2011,Arizona Diamondbacks,NL West,94,68,1,Lost LDS (3-2),"2,105,432","25,993",12th of 16,"$54,823,166 ",103,103,Chase Field,186,27.2,
2011,Boston Red Sox,AL East,90,72,3,,"3,054,001","37,704",4th of 14,"$166,662,475 ",105,105,Fenway Park,310,25.4,
2011,Cleveland Indians,AL Central,80,82,2,,"1,840,835","22,726",9th of 14,"$49,426,566 ",96,94,Progressive Field,178,30.1,
2011,Tampa Bay Rays,AL East,91,71,2,Lost LDS (3-1),"1,529,188","18,879",13th of 14,"$41,053,571 ",92,93,Tropicana Field,161,26.2,
2011,Washington Nationals,NL East,80,81,3,,"1,940,478","24,256",14th of 16,"$68,492,928 ",100,100,Nationals Park,200,25.9,
2011,Texas Rangers,AL West,96,66,1,Lost WS (4-3),"2,946,949","36,382",5th of 14,"$93,799,264 ",108,109,Rangers Ballpark in Arlington,233,15.3,
2011,Toronto Blue Jays,AL East,81,81,4,,"1,818,103","22,446",10th of 14,"$64,567,800 ",104,104,Rogers Centre,188,24.9,
2011,Cincinnati Reds,NL Central,79,83,3,,"2,213,588","27,328",10th of 16,"$77,297,134 ",103,104,Great American Ball Park,185,17.1,
2011,St Louis Cardinals,NL Central,90,72,2,Won WS (4-3),"3,093,954","38,197",3rd of 16,"$105,433,572 ",97,98,Busch Stadium III,233,25,
2011,San Francisco Giants,NL West,86,76,2,,"3,387,303","41,819",2nd of 16,"$124,198,333 ",91,92,AT&T Park,230,8.8,
2011,Seattle Mariners,AL West,67,95,4,,"1,896,321","23,411",8th of 14,"$86,110,600 ",92,90,Safeco Field,210,2.2,
2011,Philadelphia Phillies,NL East,102,60,1,Lost LDS (3-2),"3,680,718","45,441",1st of 16,"$172,976,379 ",100,101,Citizens Bank Park,249,-11.6,
2011,Pittsburgh Pirates,NL Central,72,90,4,,"1,940,429","23,956",15th of 16,"$45,047,000 ",97,95,PNC Park,168,15.9,
2011,Colorado Rockies,NL West,73,89,4,,"2,909,777","35,923",7th of 16,"$91,648,071 ",119,119,Coors Field,193,14.4,
2011,Oakland Athletics,AL West,74,88,3,,"1,476,791","18,232",14th of 14,"$67,094,000 ",98,98,O.co Coliseum,160,14.6,
2011,New York Yankees,AL East,97,65,1,Lost LDS (3-2),"3,653,680","45,107",1st of 14,"$206,275,028 ",105,106,Yankee Stadium III,439,10,
2011,New York Mets,NL East,77,85,4,,"2,352,596","29,044",9th of 16,"$151,897,309 ",96,96,Citi Field,225,-40.8,39.4
2011,Miami Marlins,NL East,72,90,5,,"1,520,562","18,772",16th of 16,"$57,694,000 ",102,101,Sun Life Stadium,148,-7.1,
2011,Minnesota Twins,AL Central,63,99,5,,"3,168,116","39,113",2nd of 14,"$112,737,000 ",99,99,Target Field,213,10.8,
2011,Detroit Tigers,AL Central,95,67,1,Lost ALCS (4-2),"2,642,045","32,618",6th of 14,"$106,875,231 ",101,102,Comerica Park,217,-0.4,
2011,Milwaukee Brewers,NL Central,96,66,1,Lost NLCS (4-2),"3,071,373","37,918",4th of 16,"$86,636,333 ",103,103,Miller Park,195,9,
2011,Los Angeles Angels,AL West,86,76,2,,"3,166,321","39,090",3rd of 14,"$138,543,166 ",92,92,Angel Stadium of Anaheim,226,-12.9,
2011,Houston Astros,NL Central,56,106,6,,"2,067,016","25,519",13th of 16,"$71,110,500 ",99,98,Minute Maid Park,196,24.7,
2011,Los Angeles Dodgers,NL West,82,79,3,,"2,935,139","36,236",6th of 16,"$103,785,477 ",96,96,Dodger Stadium,230,3.2,
2011,Kansas City Royals,AL Central,71,91,4,,"1,724,450","21,290",12th of 14,"$35,712,000 ",100,99,Kauffman Stadium,161,16.3,
2011,Atlanta Braves,NL East,89,73,2,,"2,372,940","29,296",8th of 16,"$93,855,132 ",100,101,Turner Field,203,12.4,
2012,Baltimore Orioles,AL East,93,69,2,Lost LDS (3-2),"2,102,240","25,954",7th of 14,"$77,949,000 ",103,102,Oriole Park at Camden Yards,206,30.1,
2012,Chicago White Sox,AL Central,85,77,2,,"1,965,955","24,271",9th of 14,"$118,208,000 ",104,104,U.S. Cellular Field,216,22.9,
2012,Chicago Cubs,NL Central,61,101,5,,"2,882,756","35,590",5th of 16,"$86,159,366 ",103,101,Wrigley Field,274,32.1,
2012,Arizona Diamondbacks,NL West,81,81,3,,"2,177,617","26,884",13th of 16,"$67,069,833 ",103,103,Chase Field,195,7.6,
2012,Boston Red Sox,AL East,69,93,5,,"3,043,003","37,568",4th of 14,"$110,386,000 ",103,104,Fenway Park,336,23.9,
2012,Cleveland Indians,AL Central,68,94,4,,"1,603,596","19,797",13th of 14,"$78,911,300 ",95,94,Progressive Field,186,22.9,
2012,Tampa Bay Rays,AL East,90,72,3,,"1,559,681","19,255",14th of 14,"$63,368,700 ",94,95,Tropicana Field,167,10,
2012,Washington Nationals,NL East,98,64,1,Lost LDS (3-2),"2,370,794","29,269",9th of 16,"$92,386,000 ",101,101,Nationals Park,225,28.4,
2012,Texas Rangers,AL West,93,69,2,Lost ALWC (1-0),"3,460,280","42,720",2nd of 14,"$124,119,900 ",107,109,Rangers Ballpark in Arlington,239,-8.7,
2012,Toronto Blue Jays,AL East,73,89,4,,"2,099,663","25,922",8th of 14,"$82,352,700 ",103,102,Rogers Centre,203,-4.8,
2012,Cincinnati Reds,NL Central,97,65,1,Lost LDS (3-2),"2,347,251","28,978",10th of 16,"$80,309,500 ",104,104,Great American Ball Park,202,20.9,
2012,St Louis Cardinals,NL Central,88,74,2,Lost NLCS (4-3),"3,262,109","40,273",4th of 16,"$112,071,000 ",96,98,Busch Stadium III,239,19.9,
2012,San Francisco Giants,NL West,94,68,1,Won WS (4-0),"3,377,371","41,696",2nd of 16,"$117,637,350 ",89,89,AT&T Park,262,17.6,
2012,Seattle Mariners,AL West,75,87,4,,"1,721,920","21,258",11th of 14,"$78,235,600 ",93,92,Safeco Field,215,12.9,
2012,Philadelphia Phillies,NL East,81,81,3,,"3,565,718","44,021",1st of 16,"$171,501,558 ",102,102,Citizens Bank Park,279,0.6,
2012,Pittsburgh Pirates,NL Central,79,83,4,,"2,091,918","25,826",15th of 16,"$70,077,000 ",95,95,PNC Park,178,26.8,
2012,Colorado Rockies,NL West,64,98,5,,"2,630,458","32,475",7th of 16,"$75,485,000 ",117,117,Coors Field,199,18.7,
2012,Oakland Athletics,AL West,94,68,1,Lost LDS (3-2),"1,679,013","20,729",12th of 14,"$61,202,500 ",95,95,O.co Coliseum,173,27.5,
2012,New York Yankees,AL East,95,67,1,Lost ALCS (4-0),"3,542,406","43,733",1st of 14,"$197,977,900 ",103,104,Yankee Stadium III,471,1.4,
2012,New York Mets,NL East,74,88,4,,"2,242,803","27,689",11th of 16,"$91,621,424 ",96,95,Citi Field,232,-2.4,33.6
2012,Miami Marlins,NL East,69,93,5,,"2,219,444","27,401",12th of 16,"$107,678,000 ",103,102,Marlins Park,195,-8,
2012,Minnesota Twins,AL Central,66,96,5,,"2,776,354","34,276",6th of 14,"$99,066,000 ",100,98,Target Field,214,30.2,
2012,Detroit Tigers,AL Central,88,74,1,Lost WS (4-0),"3,028,033","37,383",5th of 14,"$131,394,000 ",104,105,Comerica Park,238,7.5,
2012,Milwaukee Brewers,NL Central,83,79,3,,"2,831,385","34,955",6th of 16,"$95,717,000 ",104,105,Miller Park,201,6.8,
2012,Los Angeles Angels,AL West,89,73,3,,"3,061,770","37,800",3rd of 14,"$141,073,500 ",93,94,Angel Stadium of Anaheim,239,5.8,
2012,Houston Astros,NL Central,55,107,6,,"1,607,733","19,849",16th of 16,"$37,651,000 ",102,100,Minute Maid Park,196,55.9,
2012,Los Angeles Dodgers,NL West,86,76,2,,"3,324,246","41,040",3rd of 16,"$177,033,600 ",96,96,Dodger Stadium,245,-80.9,
2012,Kansas City Royals,AL Central,72,90,3,,"1,739,859","21,480",10th of 14,"$61,747,075 ",102,102,Kauffman Stadium,169,-6.5,
2012,Atlanta Braves,NL East,94,68,2,Lost NLWC (1-0),"2,420,171","29,879",8th of 16,"$86,208,000 ",101,102,Turner Field,225,38.4,
2013,Baltimore Orioles,AL East,85,77,3,,"2,357,561","29,106",8th of 15,"$100,832,000 ",102,103,Oriole Park at Camden Yards,198,1.6,
2013,Chicago White Sox,AL Central,63,99,5,,"1,768,413","21,832",10th of 15,"$81,401,900 ",105,104,U.S. Cellular Field,210,-2.7,
2013,Chicago Cubs,NL Central,66,96,5,,"2,642,682","32,626",7th of 15,"$67,874,166 ",103,102,Wrigley Field,266,27.3,
2013,Arizona Diamondbacks,NL West,81,81,2,,"2,134,895","26,357",14th of 15,"$80,060,500 ",103,102,Chase Field,192,-5.8,
2013,Boston Red Sox,AL East,97,65,1,Won WS (4-2),"2,833,333","34,979",5th of 15,"$175,395,500 ",103,103,Fenway Park,357,25.3,
2013,Cleveland Indians,AL Central,92,70,2,Lost ALWC (1-0),"1,572,926","19,419",14th of 15,"$87,342,433 ",95,95,Progressive Field,196,-1.9,
2013,Tampa Bay Rays,AL East,92,71,2,Lost LDS (3-1),"1,510,300","18,646",15th of 15,"$71,163,500 ",96,97,Tropicana Field,181,15.3,
2013,Washington Nationals,NL East,86,76,2,,"2,652,422","32,746",6th of 15,"$112,493,250 ",101,103,Nationals Park,244,22.4,
2013,Texas Rangers,AL West,91,72,2,,"3,178,273","38,759",2nd of 15,"$139,261,200 ",103,103,Rangers Ballpark in Arlington,257,-4.9,
2013,Toronto Blue Jays,AL East,74,88,5,,"2,536,562","31,316",6th of 15,"$124,517,800 ",103,102,Rogers Centre,218,-14.9,
2013,Cincinnati Reds,NL Central,90,72,3,Lost NLWC (1-0),"2,492,101","31,151",10th of 15,"$106,255,535 ",101,101,Great American Ball Park,209,-11.6,
2013,St Louis Cardinals,NL Central,97,65,1,Lost WS (4-2),"3,369,769","41,602",2nd of 15,"$112,583,000 ",100,101,Busch Stadium III,283,65.2,
2013,San Francisco Giants,NL West,76,86,3,,"3,369,106","41,087",3rd of 15,"$139,845,667 ",92,93,AT&T Park,316,53.3,
2013,Seattle Mariners,AL West,71,91,4,,"1,761,546","21,747",11th of 15,"$78,887,000 ",92,92,Safeco Field,210,5.3,
2013,Philadelphia Phillies,NL East,73,89,4,,"3,012,403","37,190",4th of 15,"$150,860,000 ",100,100,Citizens Bank Park,265,-20.9,
2013,Pittsburgh Pirates,NL Central,94,68,2,Lost LDS (3-2),"2,256,862","27,862",11th of 15,"$99,230,000 ",95,95,PNC Park,204,21.8,
2013,Colorado Rockies,NL West,74,88,5,,"2,793,828","34,492",5th of 15,"$73,768,000 ",119,118,Coors Field,197,13.7,
2013,Oakland Athletics,AL West,96,66,1,Lost LDS (3-2),"1,809,302","22,337",9th of 15,"$69,440,000 ",97,98,O.co Coliseum,187,27.4,
2013,New York Yankees,AL East,85,77,3,,"3,279,589","40,489",1st of 15,"$246,534,750 ",100,100,Yankee Stadium III,461,-9.1,
2013,New York Mets,NL East,74,88,3,,"2,135,657","26,366",13th of 15,"$69,425,860 ",95,94,Citi Field,238,1.6,26.6
2013,Miami Marlins,NL East,62,100,5,,"1,586,322","19,584",15th of 15,"$24,761,900 ",103,102,Marlins Park,159,15.4,
2013,Minnesota Twins,AL Central,66,96,4,,"2,477,644","30,588",7th of 15,"$63,042,500 ",102,101,Target Field,221,21.3,
2013,Detroit Tigers,AL Central,93,69,1,Lost ALCS (4-2),"3,083,397","38,067",3rd of 15,"$154,407,000 ",104,104,Comerica Park,262,-20.7,
2013,Milwaukee Brewers,NL Central,74,88,4,,"2,531,105","31,248",9th of 15,"$86,945,000 ",103,103,Miller Park,197,11.3,
2013,Los Angeles Angels,AL West,78,84,3,,"3,019,505","37,278",4th of 15,"$116,532,500 ",94,94,Angel Stadium of Anaheim,253,16.7,
2013,Houston Astros,AL West,51,111,5,,"1,651,883","20,394",13th of 15,"$14,672,300 ",101,99,Minute Maid Park,186,21.6,
2013,Los Angeles Dodgers,NL West,92,70,1,Lost NLCS (4-2),"3,743,527","46,216",1st of 15,"$254,161,000 ",95,96,Dodger Stadium,293,-12.2,
2013,Kansas City Royals,AL Central,86,76,3,,"1,750,754","21,614",12th of 15,"$87,426,250 ",103,103,Kauffman Stadium,178,26.6,
2013,Atlanta Braves,NL East,96,66,1,Lost LDS (3-1),"2,548,679","31,465",8th of 15,"$95,618,750 ",100,101,Turner Field,253,33.2,
2014,Baltimore Orioles,AL East,96,66,1,Lost ALCS (4-0),"2,464,473","30,426",6th of 15,"$109,097,500 ",103,103,Oriole Park at Camden Yards,245,31.4,
2014,Chicago White Sox,AL Central,73,89,4,,"1,650,821","20,381",13th of 15,"$87,475,500 ",98,97,U.S. Cellular Field,227,31.9,
2014,Chicago Cubs,NL Central,73,89,5,,"2,652,113","32,742",6th of 15,"$59,800,500 ",103,102,Wrigley Field,302,73.3,
2014,Arizona Diamondbacks,NL West,64,98,5,,"2,073,730","25,602",14th of 15,"$89,926,500 ",102,102,"Chase Field, Sydney Cricket Grounds",211,-2.2,
2014,Boston Red Sox,AL East,71,91,5,,"2,956,089","36,495",3rd of 15,"$134,628,929 ",104,104,Fenway Park,370,49.2,
2014,Cleveland Indians,AL Central,85,77,3,,"1,437,393","17,746",15th of 15,"$73,509,399 ",102,103,Progressive Field,207,8.9,
2014,Tampa Bay Rays,AL East,77,85,4,,"1,446,464","17,858",14th of 15,"$77,814,300 ",97,97,Tropicana Field,188,7.9,
2014,Washington Nationals,NL East,96,66,1,Lost LDS (3-1),"2,579,389","31,844",7th of 15,"$137,235,080 ",102,104,Nationals Park,287,41.4,
2014,Texas Rangers,AL West,67,95,5,,"2,718,733","33,565",5th of 15,"$129,801,239 ",104,104,Globe Life Park in Arlington,266,3.5,
2014,Toronto Blue Jays,AL East,83,79,3,,"2,375,525","29,327",7th of 15,"$136,466,200 ",99,100,Rogers Centre,227,-17.9,
2014,Cincinnati Reds,NL Central,76,86,4,,"2,476,664","30,576",8th of 15,"$102,230,000 ",100,100,Great American Ball Park,227,2.2,
2014,St Louis Cardinals,NL Central,90,72,1,Lost NLCS (4-1),"3,540,649","43,712",2nd of 15,"$129,932,500 ",99,100,Busch Stadium III,294,73.6,
2014,San Francisco Giants,NL West,88,74,2,Won WS (4-3),"3,368,697","41,589",3rd of 15,"$163,510,167 ",94,95,AT&T Park,387,68.4,
2014,Seattle Mariners,AL West,87,75,3,,"2,064,334","25,486",9th of 15,"$95,471,000 ",95,95,Safeco Field,250,26.4,
2014,Philadelphia Phillies,NL East,73,89,5,,"2,423,852","29,924",10th of 15,"$176,444,967 ",102,101,Citizens Bank Park,265,-39,
2014,Pittsburgh Pirates,NL Central,88,74,2,Lost NLWC (1-0),"2,442,564","30,155",9th of 15,"$80,729,000 ",98,99,PNC Park,229,43.6,
2014,Colorado Rockies,NL West,66,96,4,,"2,680,329","33,090",5th of 15,"$95,403,500 ",116,116,Coors Field,214,12.6,
2014,Oakland Athletics,AL West,88,74,2,Lost ALWC (1-0),"2,003,628","24,736",10th of 15,"$89,160,900 ",97,98,O.co Coliseum,202,20.8,
2014,New York Yankees,AL East,84,78,2,,"3,401,624","41,995",1st of 15,"$258,118,959 ",100,100,Yankee Stadium III,508,8.1,
2014,New York Mets,NL East,79,83,2,,"2,148,808","26,528",13th of 15,"$82,663,615 ",94,94,Citi Field,263,25,29.7
2014,Miami Marlins,NL East,77,85,4,,"1,732,283","21,386",15th of 15,"$42,365,400 ",101,100,Marlins Park,188,15.8,
2014,Minnesota Twins,AL Central,70,92,5,,"2,250,606","27,785",8th of 15,"$87,044,000 ",102,102,Target Field,223,18.5,
2014,Detroit Tigers,AL Central,90,72,1,Lost LDS (3-0),"2,917,209","36,015",4th of 15,"$169,135,500 ",101,101,Comerica Park,254,11,
2014,Milwaukee Brewers,NL Central,82,80,3,,"2,797,384","34,536",4th of 15,"$109,567,000 ",103,103,Miller Park,226,27,
2014,Los Angeles Angels,AL West,98,64,1,Lost LDS (3-0),"3,095,935","38,221",2nd of 15,"$128,667,000 ",94,95,Angel Stadium of Anaheim,304,41.7,
2014,Houston Astros,AL West,70,92,4,,"1,751,829","21,628",12th of 15,"$44,736,800 ",101,100,Minute Maid Park,175,66.6,
2014,Los Angeles Dodgers,NL West,94,68,1,Lost LDS (3-1),"3,782,337","46,696",1st of 15,"$233,386,026 ",95,96,Dodger Stadium,403,-73.2,
2014,Kansas City Royals,AL Central,89,73,2,Lost WS (4-3),"1,956,482","24,154",11th of 15,"$89,804,075 ",103,104,Kauffman Stadium,231,39,
2014,Atlanta Braves,NL East,79,83,2,,"2,354,305","29,065",11th of 15,"$108,081,500 ",97,98,Turner Field,267,27.8,
2015,Baltimore Orioles,AL East,81,81,3,,"2,281,202","29,246",8th of 15,"$112,989,833 ",102,102,Oriole Park at Camden Yards,239,8.8,
2015,Chicago White Sox,AL Central,76,86,4,,"1,755,810","21,677",13th of 15,"$112,889,700 ",97,96,U.S. Cellular Field,240,20.2,
2015,Chicago Cubs,NL Central,97,65,3,Lost NLCS (4-0),"2,919,122","36,039",4th of 15,"$115,306,610 ",97,98,Wrigley Field,340,50.8,
2015,Arizona Diamondbacks,NL West,79,83,3,,"2,080,145","25,681",12th of 15,"$64,434,000 ",105,105,Chase Field,223,17.4,
2015,Boston Red Sox,AL East,78,84,5,,"2,880,694","35,564",3rd of 15,"$183,931,900 ",107,107,Fenway Park,398,43.2,
2015,Cleveland Indians,AL Central,81,80,3,,"1,388,905","17,361",14th of 15,"$59,163,766 ",107,107,Progressive Field,220,18,
2015,Tampa Bay Rays,AL East,80,82,4,,"1,287,054","15,322",15th of 15,"$64,571,233 ",97,96,Tropicana Field,193,8.2,
2015,Washington Nationals,NL East,83,79,2,,"2,619,843","32,344",5th of 15,"$176,496,372 ",101,102,Nationals Park,293,22.5,
2015,Texas Rangers,AL West,88,74,1,Lost LDS (3-2),"2,491,875","30,764",7th of 15,"$178,860,789 ",105,105,Globe Life Park in Arlington,275,-4.7,
2015,Toronto Blue Jays,AL East,93,69,1,Lost ALCS (4-2),"2,794,891","34,505",4th of 15,"$117,917,400 ",102,103,Rogers Centre,241,1.2,
2015,Cincinnati Reds,NL Central,64,98,5,,"2,419,506","29,870",11th of 15,"$111,572,286 ",101,100,Great American Ball Park,237,9,
2015,St Louis Cardinals,NL Central,100,62,1,Lost LDS (3-1),"3,520,889","43,468",2nd of 15,"$128,241,500 ",100,101,Busch Stadium III,300,59.8,
2015,San Francisco Giants,NL West,84,78,2,,"3,375,882","41,678",3rd of 15,"$180,018,166 ",98,99,AT&T Park,409,72.6,
2015,Seattle Mariners,AL West,76,86,4,,"2,193,581","27,081",10th of 15,"$130,681,400 ",95,95,Safeco Field,271,16.8,
2015,Philadelphia Phillies,NL East,63,99,5,,"1,831,080","22,606",14th of 15,"$103,082,167 ",98,97,Citizens Bank Park,263,-8.9,
2015,Pittsburgh Pirates,NL Central,98,64,2,Lost NLWC (1-0),"2,498,596","30,847",9th of 15,"$104,457,499 ",99,99,PNC Park,244,35.3,
2015,Colorado Rockies,NL West,68,94,5,,"2,506,789","30,948",8th of 15,"$96,438,600 ",118,118,Coors Field,227,5.5,
2015,Oakland Athletics,AL West,68,94,5,,"1,768,175","21,829",12th of 15,"$64,016,001 ",97,97,O.co Coliseum,208,32.7,
2015,New York Yankees,AL East,87,75,2,Lost ALWC (1-0),"3,193,795","39,430",1st of 15,"$214,051,957 ",101,101,Yankee Stadium III,516,13,
2015,New York Mets,NL East,90,72,1,Lost WS (4-1),"2,569,753","31,725",6th of 15,"$98,874,473 ",97,97,Citi Field,313,46.8,61.1
2015,Miami Marlins,NL East,71,91,3,,"1,752,235","21,633",15th of 15,"$71,231,500 ",97,96,Marlins Park,199,-2.2,
2015,Minnesota Twins,AL Central,83,79,2,,"2,220,054","27,408",9th of 15,"$107,755,000 ",101,100,Target Field,240,29.9,
2015,Detroit Tigers,AL Central,74,87,5,,"2,726,048","33,655",5th of 15,"$172,284,750 ",99,99,Comerica Park,268,-36.4,
2015,Milwaukee Brewers,NL Central,68,94,4,,"2,542,558","31,390",7th of 15,"$70,869,500 ",101,100,Miller Park,234,58.2,
2015,Los Angeles Angels,AL West,85,77,3,,"3,012,765","37,195",2nd of 15,"$131,522,500 ",94,94,Angel Stadium of Anaheim,312,68.1,
2015,Houston Astros,AL West,86,76,2,Lost LDS (3-2),"2,153,585","26,587",11th of 15,"$93,256,200 ",97,97,Minute Maid Park,270,75.9,
2015,Los Angeles Dodgers,NL West,92,70,1,Lost LDS (3-2),"3,764,815","46,479",1st of 15,"$265,140,429 ",94,95,Dodger Stadium,438,-20.5,
2015,Kansas City Royals,AL Central,95,67,1,Won WS (4-1),"2,708,549","33,439",6th of 15,"$121,590,475 ",104,104,Kauffman Stadium,273,-0.9,
2015,Atlanta Braves,NL East,67,95,4,,"2,001,392","24,709",13th of 15,"$104,037,500 ",98,97,Turner Field,266,15.1,
2016,Baltimore Orioles,AL East,89,73,2,Lost ALWC (1-0),"2,172,344","26,819",10th of 15,"$153,744,833 ",102,102,Oriole Park at Camden Yards,253,-2.1,
2016,Chicago White Sox,AL Central,78,84,4,,"1,746,293","21,559",12th of 15,"$113,416,000 ",96,96,U.S. Cellular Field,269,41.9,
2016,Chicago Cubs,NL Central,103,58,1,Won WS (4-3),"3,232,420","39,906",4th of 15,"$176,097,333 ",100,101,Wrigley Field,434,83.8,
2016,Arizona Diamondbacks,NL West,69,93,4,,"2,036,216","25,138",11th of 15,"$78,399,500 ",107,107,Chase Field,253,47.2,
2016,Boston Red Sox,AL East,93,69,1,Lost LDS (3-0),"2,955,434","36,487",4th of 15,"$218,682,750 ",106,106,Fenway Park,434,78.6,
2016,Cleveland Indians,AL Central,94,67,1,Lost WS (4-3),"1,591,667","19,650",13th of 15,"$94,511,067 ",107,109,Progressive Field,271,46.9,
2016,Tampa Bay Rays,AL East,68,94,5,,"1,286,163","15,879",15th of 15,"$48,223,791 ",95,95,Tropicana Field,205,32.1,
2016,Washington Nationals,NL East,95,67,1,Lost LDS (3-2),"2,481,938","30,641",7th of 15,"$152,967,400 ",102,103,Nationals Park,304,37.6,
2016,Texas Rangers,AL West,95,67,1,Lost LDS (3-0),"2,710,402","33,462",5th of 15,"$212,117,760 ",108,107,Globe Life Park in Arlington,298,18.6,
2016,Toronto Blue Jays,AL East,89,73,2,Lost ALCS (4-1),"3,392,099","41,878",1st of 15,"$182,690,767 ",101,102,Rogers Centre,278,22.9,
2016,Cincinnati Reds,NL Central,68,94,5,,"1,894,085","23,384",14th of 15,"$77,329,561 ",102,101,Great American Ball Park,229,15.9,
2016,St Louis Cardinals,NL Central,86,76,2,,"3,444,490","42,525",2nd of 15,"$150,353,500 ",97,98,Busch Stadium III,310,40.5,
2016,San Francisco Giants,NL West,87,75,2,Lost LDS (3-1),"3,365,256","41,546",3rd of 15,"$177,021,333 ",96,96,AT&T Park,428,78.1,
2016,Seattle Mariners,AL West,86,76,2,,"2,267,928","27,999",9th of 15,"$137,169,100 ",96,96,Safeco Field,289,11.6,
2016,Philadelphia Phillies,NL East,71,91,4,,"1,915,144","23,644",13th of 15,"$84,846,666 ",100,99,Citizens Bank Park,325,87.7,
2016,Pittsburgh Pirates,NL Central,78,83,3,,"2,249,201","27,768",10th of 15,"$81,187,933 ",99,99,PNC Park,265,51,
2016,Colorado Rockies,NL West,75,87,3,,"2,602,524","32,130",6th of 15,"$89,707,000 ",116,116,Coors Field,248,26.6,
2016,Oakland Athletics,AL West,69,93,5,,"1,521,506","18,784",14th of 15,"$54,969,067 ",97,96,Oakland-Alameda County Coliseum,216,25.5,
2016,New York Yankees,AL East,84,78,4,,"3,063,405","37,820",2nd of 15,"$193,229,350 ",102,103,Yankee Stadium III,526,39,
2016,New York Mets,NL East,87,75,2,Lost NLWC (1-0),"2,789,602","34,440",5th of 15,"$155,221,282 ",96,96,Citi Field,332,31.7,75.2
2016,Miami Marlins,NL East,79,82,3,,"1,712,417","21,405",15th of 15,"$72,472,000 ",94,93,"Marlins Park, Estadio Hiram Bithorn",206,-53,
2016,Minnesota Twins,AL Central,59,103,5,,"1,963,912","24,246",11th of 15,"$93,333,700 ",100,100,Target Field,249,23,
2016,Detroit Tigers,AL Central,86,75,2,,"2,493,859","31,173",7th of 15,"$199,902,000 ",101,100,Comerica Park,275,-46,
2016,Milwaukee Brewers,NL Central,73,89,4,,"2,314,614","28,575",9th of 15,"$52,077,500 ",102,102,Miller Park,239,67,
2016,Los Angeles Angels,AL West,74,88,4,,"3,016,142","37,236",3rd of 15,"$139,712,000 ",95,95,Angel Stadium of Anaheim,350,25,
2016,Houston Astros,AL West,84,78,3,,"2,306,623","28,477",8th of 15,"$89,498,000 ",93,94,Minute Maid Park,299,77,
2016,Los Angeles Dodgers,NL West,91,71,1,Lost NLCS (4-2),"3,703,312","45,720",1st of 15,"$231,342,096 ",96,97,Dodger Stadium,462,68,
2016,Kansas City Royals,AL Central,81,81,3,,"2,557,712","31,577",6th of 15,"$125,132,675 ",102,102,Kauffman Stadium,246,-17,
2016,Atlanta Braves,NL East,68,93,5,,"2,020,914","24,950",12th of 15,"$74,999,750 ",99,98,"Turner Field, Fort Bragg Park",275,46,
2017,Baltimore Orioles,AL East,75,87,5,,"2,028,424","25,042",12th of 15,"$161,621,633 ",99,97,Oriole Park at Camden Yards,252,-26,
2017,Chicago White Sox,AL Central,67,95,4,,"1,629,470","20,117",13th of 15,"$97,842,000 ",98,97,Guaranteed Rate Field,266,30,
2017,Chicago Cubs,NL Central,92,70,1,Lost NLCS (4-1),"3,199,562","39,501",4th of 15,"$177,210,667 ",101,103,Wrigley Field,457,102,
2017,Arizona Diamondbacks,NL West,93,69,2,Lost LDS (3-0),"2,134,375","26,350",11th of 15,"$106,580,200 ",108,108,Chase Field,258,34,
2017,Boston Red Sox,AL East,93,69,1,Lost LDS (3-1),"2,917,678","36,021",4th of 15,"$200,550,750 ",104,105,Fenway Park,453,86,
2017,Cleveland Indians,AL Central,102,60,1,Lost LDS (3-2),"2,048,138","25,286",11th of 15,"$114,427,167 ",104,106,Progressive Field,284,31,
2017,Tampa Bay Rays,AL East,80,82,3,,"1,253,619","15,477",15th of 15,"$79,473,033 ",96,96,Tropicana Field,219,23,
2017,Washington Nationals,NL East,97,65,1,Lost LDS (3-2),"2,524,980","31,173",7th of 15,"$175,587,301 ",103,104,Nationals Park,311,11,
2017,Texas Rangers,AL West,78,84,3,,"2,507,760","30,960",5th of 15,"$207,326,274 ",110,110,Globe Life Park in Arlington,311,30,
2017,Toronto Blue Jays,AL East,76,86,4,,"3,203,886","39,554",1st of 15,"$158,890,575 ",102,101,Rogers Centre,274,-1.3,
2017,Cincinnati Reds,NL Central,68,94,5,,"1,836,917","22,678",14th of 15,"$79,315,786 ",103,101,Great American Ball Park,243,14,
2017,St Louis Cardinals,NL Central,83,79,3,,"3,448,337","42,572",2nd of 15,"$129,652,933 ",97,98,Busch Stadium III,319,40,
2017,San Francisco Giants,NL West,64,98,5,,"3,303,652","40,786",3rd of 15,"$177,399,833 ",98,98,AT&T Park,445,84,
2017,Seattle Mariners,AL West,78,84,3,,"2,135,445","26,364",9th of 15,"$172,438,700 ",95,95,Safeco Field,288,-2.4,
2017,Philadelphia Phillies,NL East,66,96,5,,"1,905,354","23,523",13th of 15,"$86,276,000 ",99,98,Citizens Bank Park,329,91,
2017,Pittsburgh Pirates,NL Central,75,87,4,,"1,919,447","23,697",12th of 15,"$102,953,333 ",98,97,PNC Park,258,35,
2017,Colorado Rockies,NL West,87,75,3,Lost NLWC (1-0),"2,953,650","36,465",5th of 15,"$106,650,000 ",116,117,Coors Field,266,15,
2017,Oakland Athletics,AL West,75,87,5,,"1,475,721","18,219",14th of 15,"$51,560,000 ",95,95,Oakland-Alameda County Coliseum,210,15,
2017,New York Yankees,AL East,91,71,2,Lost ALCS (4-3),"3,154,938","38,950",2nd of 15,"$182,424,700 ",103,104,Yankee Stadium III,619,14,
2017,New York Mets,NL East,70,92,4,,"2,460,622","30,378",9th of 15,"$176,615,252 ",95,94,Citi Field,336,17,96.6
2017,Miami Marlins,NL East,77,85,2,,"1,583,014","20,295",15th of 15,"$111,591,100 ",91,90,Marlins Park,219,-22,
2017,Minnesota Twins,AL Central,85,77,2,Lost ALWC (1-0),"2,051,279","25,324",10th of 15,"$103,932,500 ",101,100,Target Field,261,14,
2017,Detroit Tigers,AL Central,64,98,5,,"2,321,599","28,662",7th of 15,"$118,375,600 ",102,101,Comerica Park,277,19,
2017,Milwaukee Brewers,NL Central,86,76,2,,"2,627,705","31,282",6th of 15,"$68,439,300 ",101,101,Miller Park,255,66,
2017,Los Angeles Angels,AL West,80,82,2,,"3,019,585","37,279",3rd of 15,"$181,125,500 ",97,97,Angel Stadium of Anaheim,334,19,
2017,Houston Astros,AL West,101,61,1,Won WS (4-3),"2,403,671","29,675",6th of 15,"$157,656,400 ",93,94,"Minute Maid Park, Tropicana Field",347,66,
2017,Los Angeles Dodgers,NL West,104,58,1,Lost WS (4-3),"3,765,856","46,492",1st of 15,"$201,466,263 ",95,96,Dodger Stadium,522,95,
2017,Kansas City Royals,AL Central,80,82,3,,"2,220,370","27,412",8th of 15,"$127,555,817 ",102,101,Kauffman Stadium,245,5.3,
2017,Atlanta Braves,NL East,72,90,3,,"2,505,252","30,929",8th of 15,"$119,705,250 ",100,100,SunTrust Park,336,71,
2018,Baltimore Orioles,AL East,47,115,5,,"1,564,192","19,311",14th of 15,"$141,555,833 ",100,98,Oriole Park at Camden Yards,251,-6.5,
2018,Chicago White Sox,AL Central,62,100,4,,"1,608,817","19,862",12th of 15,"$75,092,000 ",99,98,Guaranteed Rate Field,272,76,
2018,Chicago Cubs,NL Central,95,68,2,Lost NLWC (1-0),"3,181,089","38,794",4th of 15,"$205,373,881 ",103,104,Wrigley Field,452,87,
2018,Arizona Diamondbacks,NL West,82,80,3,,"2,242,695","27,688",9th of 15,"$134,850,600 ",104,105,Chase Field,275,10,
2018,Boston Red Sox,AL East,108,54,1,Won WS (4-1),"2,895,575","35,748",4th of 15,"$222,205,000 ",103,104,Fenway Park,516,84,
2018,Cleveland Indians,AL Central,91,71,1,Lost LDS (3-0),"1,926,701","23,786",9th of 15,"$143,375,233 ",101,103,Progressive Field,282,16,
2018,Tampa Bay Rays,AL East,90,72,3,,"1,154,973","14,259",15th of 15,"$46,011,667 ",96,97,Tropicana Field,228,27,
2018,Washington Nationals,NL East,82,80,2,,"2,529,604","31,230",8th of 15,"$188,886,699 ",105,106,Nationals Park,336,24,
2018,Texas Rangers,AL West,67,95,5,,"2,107,107","26,014",7th of 15,"$106,099,628 ",111,110,Globe Life Park in Arlington,324,39,
2018,Toronto Blue Jays,AL East,73,89,4,,"2,325,281","28,707",5th of 15,"$151,670,772 ",99,98,Rogers Centre,265,-16,
2018,Cincinnati Reds,NL Central,67,95,5,,"1,629,356","20,116",13th of 15,"$94,587,500 ",103,102,Great American Ball Park,257,37,
2018,St Louis Cardinals,NL Central,88,74,3,,"3,403,587","42,020",2nd of 15,"$157,713,667 ",96,97,Busch Stadium III,356,65,
2018,San Francisco Giants,NL West,73,89,4,,"3,156,185","38,965",3rd of 15,"$202,060,277 ",94,93,AT&T Park,462,84,
2018,Seattle Mariners,AL West,89,73,3,,"2,299,489","28,389",6th of 15,"$157,090,065 ",95,94,Safeco Field,320,31,
2018,Philadelphia Phillies,NL East,81,81,4,,"2,727,421","33,672",6th of 15,"$141,786,962 ",102,102,Citizens Bank Park,341,94,
2018,Pittsburgh Pirates,NL Central,82,79,4,,"1,465,316","18,316",14th of 15,"$88,141,000 ",97,96,PNC Park,254,39,
2018,Colorado Rockies,NL West,91,72,2,Lost LDS (3-0),"3,015,880","37,233",5th of 15,"$136,658,500 ",117,117,Coors Field,291,23,
2018,Oakland Athletics,AL West,97,65,2,Lost ALWC (1-0),"1,573,616","19,427",13th of 15,"$69,883,333 ",97,97,Oakland-Alameda County Coliseum,218,33,
2018,New York Yankees,AL East,100,62,2,Lost LDS (3-1),"3,482,855","42,998",1st of 15,"$160,743,032 ",98,100,Yankee Stadium III,668,29,
2018,New York Mets,NL East,77,85,4,,"2,224,995","27,469",10th of 15,"$161,403,844 ",92,92,Citi Field,340,30,54.5
2018,Miami Marlins,NL East,63,98,5,,"811,104","10,014",15th of 15,"$86,515,143 ",95,94,Marlins Park,224,-5.9,
2018,Minnesota Twins,AL Central,78,84,2,,"1,959,197","24,188",8th of 15,"$110,275,000 ",100,101,Target Field,269,43,
2018,Detroit Tigers,AL Central,64,98,3,,"1,856,970","22,926",10th of 15,"$111,531,000 ",105,103,Comerica Park,276,30,
2018,Milwaukee Brewers,NL Central,96,67,1,Lost NLCS (4-3),"2,850,875","35,196",6th of 15,"$109,295,700 ",101,102,Miller Park,288,43,
2018,Los Angeles Angels,AL West,80,82,4,,"3,020,216","37,287",2nd of 15,"$166,849,666 ",98,98,Angel Stadium of Anaheim,348,61,
2018,Houston Astros,AL West,103,59,1,Lost ALCS (4-1),"2,980,549","36,797",3rd of 15,"$172,781,200 ",97,99,Minute Maid Park,368,99,
2018,Los Angeles Dodgers,NL West,92,71,1,Lost WS (4-1),"3,857,500","47,043",1st of 15,"$164,703,429 ",96,98,Dodger Stadium,549,96,
2018,Kansas City Royals,AL Central,58,104,5,,"1,665,107","20,557",11th of 15,"$95,199,167 ",101,100,Kauffman Stadium,244,27,
2018,Atlanta Braves,NL East,90,72,1,Lost LDS (3-1),"2,555,781","31,553",7th of 15,"$115,848,667 ",101,101,SunTrust Park,344,92,
2019,Baltimore Orioles,AL East,54,108,5,,"1,307,807","16,146",14th of 15,"$82,696,100 ",102,99,Oriole Park at Camden Yards,256,,
2019,Chicago White Sox,AL Central,72,89,3,,"1,649,775","20,622",10th of 15,"$80,846,333 ",99,97,Guaranteed Rate Field,285,,
2019,Chicago Cubs,NL Central,84,78,3,,"3,094,865","38,208",3rd of 15,"$217,805,215 ",101,102,Wrigley Field,471,,
2019,Arizona Diamondbacks,NL West,162,85,2,,"2,135,510","26,364",12th of 15,"$124,016,266 ",101,101,Chase Field,278,,
2019,Boston Red Sox,AL East,84,78,3,,"2,924,627","36,107",3rd of 15,"$218,978,142 ",104,105,Fenway Park,519,,
2019,Cleveland Indians,AL Central,93,69,2,,"1,738,642","21,465",9th of 15,"$151,257,783 ",102,104,Progressive Field,290,,
2019,Tampa Bay Rays,AL East,96,66,2,Lost LDS (3-2),"1,178,735","14,552",15th of 15,"$56,071,767 ",96,97,Tropicana Field,264,,
2019,Washington Nationals,NL East,93,69,2,Won WS (4-3),"2,259,781","27,899",11th of 15,"$203,016,595 ",104,106,Nationals Park,370,,
2019,Texas Rangers,AL West,78,84,3,,"2,132,994","26,333",6th of 15,"$104,433,499 ",112,111,Globe Life Park in Arlington,335,,
2019,Toronto Blue Jays,AL East,67,95,4,,"1,750,144","21,607",8th of 15,"$64,680,671 ",98,97,Rogers Centre,265,,
2019,Cincinnati Reds,NL Central,75,87,4,,"1,808,685","22,329",13th of 15,"$109,737,499 ",103,103,Great American Ball Park,276,,
2019,St Louis Cardinals,NL Central,91,71,1,Lost NLCS (4-0),"3,480,393","42,968",2nd of 15,"$161,120,267 ",97,98,Busch Stadium III,383,,
2019,San Francisco Giants,NL West,77,85,3,,"2,707,760","33,429",7th of 15,"$175,550,753 ",95,94,Oracle Park,452,,
2019,Seattle Mariners,AL West,68,94,5,,"1,791,863","22,122",7th of 15,"$126,874,600 ",94,93,T-Mobile Park,315,,
2019,Pittsburgh Pirates,NL Central,69,93,5,,"1,491,439","18,413",14th of 15,"$72,915,501 ",97,96,PNC Park,273,,
2019,Colorado Rockies,NL West,71,91,4,,"2,993,244","36,954",4th of 15,"$145,348,500 ",118,118,Coors Field,305,,
2019,Oakland Athletics,AL West,97,65,2,Lost ALWC (1-0),"1,662,211","20,521",11th of 15,"$102,935,833 ",93,95,Oakland-Alameda County Coliseum,225,,
2019,New York Yankees,AL East,103,59,1,Lost ALCS (4-2),"3,304,404","40,795",1st of 15,"$228,442,421 ",96,98,Yankee Stadium III,683,,
2019,New York Mets,NL East,86,76,3,,"2,442,532","30,155",9th of 15,"$154,837,230 ",92,92,Citi Field,362,,65.1
2019,Miami Marlins,NL East,57,105,5,,"811,302","10,016",15th of 15,"$74,683,643 ",96,94,Marlins Park,222,,
2019,Minnesota Twins,AL Central,101,61,1,Lost LDS (3-0),"2,294,152","28,323",5th of 15,"$113,758,333 ",99,100,Target Field,297,,
2019,Detroit Tigers,AL Central,47,114,5,,"1,501,430","18,536",12th of 15,"$100,618,500 ",104,102,Comerica Park,276,,
2019,Milwaukee Brewers,NL Central,89,73,2,Lost NLWC (1-0),"2,923,333","36,091",5th of 15,"$128,842,900 ",101,101,Miller Park,295,,
2019,Los Angeles Angels,AL West,72,90,4,,"3,019,012","37,272",2nd of 15,"$177,345,250 ",98,98,Angel Stadium of Anaheim,377,,
2019,Houston Astros,AL West,107,55,1,Lost WS (4-3),"2,857,367","35,276",4th of 15,"$166,042,500 ",100,103,Minute Maid Park,420,,
2019,Los Angeles Dodgers,NL West,106,56,1,Lost LDS (3-2),"3,974,309","49,066",1st of 15,"$193,553,333 ",94,96,Dodger Stadium,556,,
2019,Kansas City Royals,AL Central,59,103,4,,"1,479,659","18,267",13th of 15,"$98,183,242 ",102,101,Kauffman Stadium,251,,
2019,Atlanta Braves,NL East,97,65,1,Lost LDS (3-2),"2,655,100","32,779",8th of 15,"$133,186,667 ",103,105,SunTrust Park,382,,
2019,Philadelphia Phillies,NL East,81,81,4,,"2,727,421","33,672",6th of 15,"141,768,962",102,102,Citizens Bank Park,392,,
2019,San Diego Padres ,NL West,70,92,5,,"2,396,399","29,585",10th of 15,"$90,260,767 ",96,95,Petco Park,299,,
